dc (V),/NM0/D w 1e-06 vds 0.5  (A),/NM0/D w 1e-06 vds 0.7222222  (A),/NM0/D w 1e-06 vds 0.9444444  (A),/NM0/D w 1e-06 vds 1.166667  (A),/NM0/D w 1e-06 vds 1.388889  (A),/NM0/D w 1e-06 vds 1.611111  (A),/NM0/D w 1e-06 vds 1.833333  (A),/NM0/D w 1e-06 vds 2.055556  (A),/NM0/D w 1e-06 vds 2.277778  (A),/NM0/D w 1e-06 vds 2.5  (A),/NM0/D w 7e-06 vds 0.5  (A),/NM0/D w 7e-06 vds 0.7222222  (A),/NM0/D w 7e-06 vds 0.9444444  (A),/NM0/D w 7e-06 vds 1.166667  (A),/NM0/D w 7e-06 vds 1.388889  (A),/NM0/D w 7e-06 vds 1.611111  (A),/NM0/D w 7e-06 vds 1.833333  (A),/NM0/D w 7e-06 vds 2.055556  (A),/NM0/D w 7e-06 vds 2.277778  (A),/NM0/D w 7e-06 vds 2.5  (A),/NM0/D w 1.3e-05 vds 0.5  (A),/NM0/D w 1.3e-05 vds 0.7222222  (A),/NM0/D w 1.3e-05 vds 0.9444444  (A),/NM0/D w 1.3e-05 vds 1.166667  (A),/NM0/D w 1.3e-05 vds 1.388889  (A),/NM0/D w 1.3e-05 vds 1.611111  (A),/NM0/D w 1.3e-05 vds 1.833333  (A),/NM0/D w 1.3e-05 vds 2.055556  (A),/NM0/D w 1.3e-05 vds 2.277778  (A),/NM0/D w 1.3e-05 vds 2.5  (A),/NM0/D w 1.9e-05 vds 0.5  (A),/NM0/D w 1.9e-05 vds 0.7222222  (A),/NM0/D w 1.9e-05 vds 0.9444444  (A),/NM0/D w 1.9e-05 vds 1.166667  (A),/NM0/D w 1.9e-05 vds 1.388889  (A),/NM0/D w 1.9e-05 vds 1.611111  (A),/NM0/D w 1.9e-05 vds 1.833333  (A),/NM0/D w 1.9e-05 vds 2.055556  (A),/NM0/D w 1.9e-05 vds 2.277778  (A),/NM0/D w 1.9e-05 vds 2.5  (A),/NM0/D w 2.5e-05 vds 0.5  (A),/NM0/D w 2.5e-05 vds 0.7222222  (A),/NM0/D w 2.5e-05 vds 0.9444444  (A),/NM0/D w 2.5e-05 vds 1.166667  (A),/NM0/D w 2.5e-05 vds 1.388889  (A),/NM0/D w 2.5e-05 vds 1.611111  (A),/NM0/D w 2.5e-05 vds 1.833333  (A),/NM0/D w 2.5e-05 vds 2.055556  (A),/NM0/D w 2.5e-05 vds 2.277778  (A),/NM0/D w 2.5e-05 vds 2.5  (A)
0.000,0.000,0.000,0.000,0.000,0.000,0.000,0.000,0.000,0.000,0.000,0.000,0.000,0.000,0.000,0.000,0.000,0.000,0.000,0.000,0.000,0.000,0.000,0.000,0.000,0.000,0.000,0.000,0.000,0.000,0.000,0.000,0.000,0.000,0.000,0.000,0.000,0.000,0.000,0.000,0.000,0.000,0.000,0.000,0.000,0.000,0.000,0.000,0.000,0.000,0.000
50.00E-3,-1.468E-6,-1.468E-6,-1.468E-6,-1.468E-6,-1.468E-6,-1.468E-6,-1.468E-6,-1.468E-6,-1.468E-6,-1.468E-6,-10.48E-6,-10.48E-6,-10.48E-6,-10.48E-6,-10.48E-6,-10.48E-6,-10.48E-6,-10.48E-6,-10.48E-6,-10.48E-6,-20.99E-6,-20.99E-6,-20.99E-6,-20.99E-6,-20.99E-6,-20.99E-6,-20.99E-6,-20.99E-6,-20.99E-6,-20.99E-6,-30.49E-6,-30.49E-6,-30.49E-6,-30.49E-6,-30.49E-6,-30.49E-6,-30.49E-6,-30.49E-6,-30.49E-6,-30.49E-6,-39.99E-6,-39.99E-6,-39.99E-6,-39.99E-6,-39.99E-6,-39.99E-6,-39.99E-6,-39.99E-6,-39.99E-6,-39.99E-6
100.0E-3,-2.766E-6,-2.766E-6,-2.766E-6,-2.766E-6,-2.766E-6,-2.766E-6,-2.766E-6,-2.766E-6,-2.766E-6,-2.766E-6,-19.75E-6,-19.75E-6,-19.75E-6,-19.75E-6,-19.75E-6,-19.75E-6,-19.75E-6,-19.75E-6,-19.75E-6,-19.75E-6,-39.55E-6,-39.55E-6,-39.55E-6,-39.55E-6,-39.55E-6,-39.55E-6,-39.55E-6,-39.55E-6,-39.55E-6,-39.55E-6,-57.45E-6,-57.45E-6,-57.45E-6,-57.45E-6,-57.45E-6,-57.45E-6,-57.45E-6,-57.45E-6,-57.45E-6,-57.45E-6,-75.36E-6,-75.36E-6,-75.36E-6,-75.36E-6,-75.36E-6,-75.36E-6,-75.36E-6,-75.36E-6,-75.36E-6,-75.36E-6
150.0E-3,-3.895E-6,-3.895E-6,-3.895E-6,-3.895E-6,-3.895E-6,-3.895E-6,-3.895E-6,-3.895E-6,-3.895E-6,-3.895E-6,-27.80E-6,-27.80E-6,-27.80E-6,-27.80E-6,-27.80E-6,-27.80E-6,-27.80E-6,-27.80E-6,-27.80E-6,-27.80E-6,-55.67E-6,-55.67E-6,-55.67E-6,-55.67E-6,-55.67E-6,-55.67E-6,-55.67E-6,-55.67E-6,-55.67E-6,-55.67E-6,-80.89E-6,-80.89E-6,-80.89E-6,-80.89E-6,-80.89E-6,-80.89E-6,-80.89E-6,-80.89E-6,-80.89E-6,-80.89E-6,-106.1E-6,-106.1E-6,-106.1E-6,-106.1E-6,-106.1E-6,-106.1E-6,-106.1E-6,-106.1E-6,-106.1E-6,-106.1E-6
200.0E-3,-4.854E-6,-4.854E-6,-4.854E-6,-4.854E-6,-4.854E-6,-4.854E-6,-4.854E-6,-4.854E-6,-4.854E-6,-4.854E-6,-34.65E-6,-34.65E-6,-34.65E-6,-34.65E-6,-34.65E-6,-34.65E-6,-34.65E-6,-34.65E-6,-34.65E-6,-34.65E-6,-69.37E-6,-69.37E-6,-69.37E-6,-69.37E-6,-69.37E-6,-69.37E-6,-69.37E-6,-69.37E-6,-69.37E-6,-69.37E-6,-100.8E-6,-100.8E-6,-100.8E-6,-100.8E-6,-100.8E-6,-100.8E-6,-100.8E-6,-100.8E-6,-100.8E-6,-100.8E-6,-132.3E-6,-132.3E-6,-132.3E-6,-132.3E-6,-132.3E-6,-132.3E-6,-132.3E-6,-132.3E-6,-132.3E-6,-132.3E-6
250.0E-3,-5.644E-6,-5.644E-6,-5.644E-6,-5.644E-6,-5.644E-6,-5.644E-6,-5.644E-6,-5.644E-6,-5.644E-6,-5.644E-6,-40.29E-6,-40.29E-6,-40.29E-6,-40.29E-6,-40.29E-6,-40.29E-6,-40.29E-6,-40.29E-6,-40.29E-6,-40.29E-6,-80.67E-6,-80.67E-6,-80.67E-6,-80.67E-6,-80.67E-6,-80.67E-6,-80.67E-6,-80.67E-6,-80.67E-6,-80.67E-6,-117.3E-6,-117.3E-6,-117.3E-6,-117.3E-6,-117.3E-6,-117.3E-6,-117.3E-6,-117.3E-6,-117.3E-6,-117.3E-6,-153.8E-6,-153.8E-6,-153.8E-6,-153.8E-6,-153.8E-6,-153.8E-6,-153.8E-6,-153.8E-6,-153.8E-6,-153.8E-6
300.0E-3,-6.269E-6,-6.269E-6,-6.269E-6,-6.269E-6,-6.269E-6,-6.269E-6,-6.269E-6,-6.269E-6,-6.269E-6,-6.269E-6,-44.74E-6,-44.74E-6,-44.74E-6,-44.74E-6,-44.74E-6,-44.74E-6,-44.74E-6,-44.74E-6,-44.74E-6,-44.74E-6,-89.59E-6,-89.59E-6,-89.59E-6,-89.59E-6,-89.59E-6,-89.59E-6,-89.59E-6,-89.59E-6,-89.59E-6,-89.59E-6,-130.3E-6,-130.3E-6,-130.3E-6,-130.3E-6,-130.3E-6,-130.3E-6,-130.3E-6,-130.3E-6,-130.3E-6,-130.3E-6,-170.9E-6,-170.9E-6,-170.9E-6,-170.9E-6,-170.9E-6,-170.9E-6,-170.9E-6,-170.9E-6,-170.9E-6,-170.9E-6
350.0E-3,-6.732E-6,-6.732E-6,-6.732E-6,-6.732E-6,-6.732E-6,-6.732E-6,-6.732E-6,-6.732E-6,-6.732E-6,-6.732E-6,-48.04E-6,-48.04E-6,-48.04E-6,-48.04E-6,-48.04E-6,-48.04E-6,-48.04E-6,-48.04E-6,-48.04E-6,-48.04E-6,-96.20E-6,-96.20E-6,-96.20E-6,-96.20E-6,-96.20E-6,-96.20E-6,-96.20E-6,-96.20E-6,-96.20E-6,-96.20E-6,-139.9E-6,-139.9E-6,-139.9E-6,-139.9E-6,-139.9E-6,-139.9E-6,-139.9E-6,-139.9E-6,-139.9E-6,-139.9E-6,-183.6E-6,-183.6E-6,-183.6E-6,-183.6E-6,-183.6E-6,-183.6E-6,-183.6E-6,-183.6E-6,-183.6E-6,-183.6E-6
400.0E-3,-7.046E-6,-7.046E-6,-7.046E-6,-7.046E-6,-7.046E-6,-7.046E-6,-7.046E-6,-7.046E-6,-7.046E-6,-7.046E-6,-50.28E-6,-50.28E-6,-50.28E-6,-50.28E-6,-50.28E-6,-50.28E-6,-50.28E-6,-50.28E-6,-50.28E-6,-50.28E-6,-100.7E-6,-100.7E-6,-100.7E-6,-100.7E-6,-100.7E-6,-100.7E-6,-100.7E-6,-100.7E-6,-100.7E-6,-100.7E-6,-146.5E-6,-146.5E-6,-146.5E-6,-146.5E-6,-146.5E-6,-146.5E-6,-146.5E-6,-146.5E-6,-146.5E-6,-146.5E-6,-192.2E-6,-192.2E-6,-192.2E-6,-192.2E-6,-192.2E-6,-192.2E-6,-192.2E-6,-192.2E-6,-192.2E-6,-192.2E-6
450.0E-3,-7.237E-6,-7.237E-6,-7.237E-6,-7.237E-6,-7.237E-6,-7.237E-6,-7.237E-6,-7.237E-6,-7.237E-6,-7.237E-6,-51.63E-6,-51.63E-6,-51.63E-6,-51.63E-6,-51.63E-6,-51.63E-6,-51.63E-6,-51.63E-6,-51.63E-6,-51.63E-6,-103.4E-6,-103.4E-6,-103.4E-6,-103.4E-6,-103.4E-6,-103.4E-6,-103.4E-6,-103.4E-6,-103.4E-6,-103.4E-6,-150.4E-6,-150.4E-6,-150.4E-6,-150.4E-6,-150.4E-6,-150.4E-6,-150.4E-6,-150.4E-6,-150.4E-6,-150.4E-6,-197.5E-6,-197.5E-6,-197.5E-6,-197.5E-6,-197.5E-6,-197.5E-6,-197.5E-6,-197.5E-6,-197.5E-6,-197.5E-6
500.0E-3,-7.344E-6,-7.344E-6,-7.344E-6,-7.344E-6,-7.344E-6,-7.344E-6,-7.344E-6,-7.344E-6,-7.344E-6,-7.344E-6,-52.40E-6,-52.40E-6,-52.40E-6,-52.40E-6,-52.40E-6,-52.40E-6,-52.40E-6,-52.40E-6,-52.40E-6,-52.40E-6,-104.9E-6,-104.9E-6,-104.9E-6,-104.9E-6,-104.9E-6,-104.9E-6,-104.9E-6,-104.9E-6,-104.9E-6,-104.9E-6,-152.7E-6,-152.7E-6,-152.7E-6,-152.7E-6,-152.7E-6,-152.7E-6,-152.7E-6,-152.7E-6,-152.7E-6,-152.7E-6,-200.5E-6,-200.5E-6,-200.5E-6,-200.5E-6,-200.5E-6,-200.5E-6,-200.5E-6,-200.5E-6,-200.5E-6,-200.5E-6
550.0E-3,-7.406E-6,-7.406E-6,-7.406E-6,-7.406E-6,-7.406E-6,-7.406E-6,-7.406E-6,-7.406E-6,-7.406E-6,-7.406E-6,-52.84E-6,-52.84E-6,-52.84E-6,-52.84E-6,-52.84E-6,-52.84E-6,-52.84E-6,-52.84E-6,-52.84E-6,-52.84E-6,-105.9E-6,-105.9E-6,-105.9E-6,-105.9E-6,-105.9E-6,-105.9E-6,-105.9E-6,-105.9E-6,-105.9E-6,-105.9E-6,-154.0E-6,-154.0E-6,-154.0E-6,-154.0E-6,-154.0E-6,-154.0E-6,-154.0E-6,-154.0E-6,-154.0E-6,-154.0E-6,-202.2E-6,-202.2E-6,-202.2E-6,-202.2E-6,-202.2E-6,-202.2E-6,-202.2E-6,-202.2E-6,-202.2E-6,-202.2E-6
600.0E-3,-7.447E-6,-7.447E-6,-7.447E-6,-7.447E-6,-7.447E-6,-7.447E-6,-7.447E-6,-7.447E-6,-7.447E-6,-7.447E-6,-53.13E-6,-53.13E-6,-53.13E-6,-53.13E-6,-53.13E-6,-53.13E-6,-53.13E-6,-53.13E-6,-53.13E-6,-53.13E-6,-106.4E-6,-106.4E-6,-106.4E-6,-106.4E-6,-106.4E-6,-106.4E-6,-106.4E-6,-106.4E-6,-106.4E-6,-106.4E-6,-154.9E-6,-154.9E-6,-154.9E-6,-154.9E-6,-154.9E-6,-154.9E-6,-154.9E-6,-154.9E-6,-154.9E-6,-154.9E-6,-203.4E-6,-203.4E-6,-203.4E-6,-203.4E-6,-203.4E-6,-203.4E-6,-203.4E-6,-203.4E-6,-203.4E-6,-203.4E-6
650.0E-3,-7.477E-6,-7.477E-6,-7.477E-6,-7.477E-6,-7.477E-6,-7.477E-6,-7.477E-6,-7.477E-6,-7.477E-6,-7.477E-6,-53.34E-6,-53.34E-6,-53.34E-6,-53.34E-6,-53.34E-6,-53.34E-6,-53.34E-6,-53.34E-6,-53.34E-6,-53.34E-6,-106.9E-6,-106.9E-6,-106.9E-6,-106.9E-6,-106.9E-6,-106.9E-6,-106.9E-6,-106.9E-6,-106.9E-6,-106.9E-6,-155.5E-6,-155.5E-6,-155.5E-6,-155.5E-6,-155.5E-6,-155.5E-6,-155.5E-6,-155.5E-6,-155.5E-6,-155.5E-6,-204.2E-6,-204.2E-6,-204.2E-6,-204.2E-6,-204.2E-6,-204.2E-6,-204.2E-6,-204.2E-6,-204.2E-6,-204.2E-6
700.0E-3,-7.500E-6,-7.500E-6,-7.500E-6,-7.500E-6,-7.500E-6,-7.500E-6,-7.500E-6,-7.500E-6,-7.500E-6,-7.500E-6,-53.51E-6,-53.51E-6,-53.51E-6,-53.51E-6,-53.51E-6,-53.51E-6,-53.51E-6,-53.51E-6,-53.51E-6,-53.51E-6,-107.2E-6,-107.2E-6,-107.2E-6,-107.2E-6,-107.2E-6,-107.2E-6,-107.2E-6,-107.2E-6,-107.2E-6,-107.2E-6,-156.0E-6,-156.0E-6,-156.0E-6,-156.0E-6,-156.0E-6,-156.0E-6,-156.0E-6,-156.0E-6,-156.0E-6,-156.0E-6,-204.8E-6,-204.8E-6,-204.8E-6,-204.8E-6,-204.8E-6,-204.8E-6,-204.8E-6,-204.8E-6,-204.8E-6,-204.8E-6
750.0E-3,-7.520E-6,-7.520E-6,-7.520E-6,-7.520E-6,-7.520E-6,-7.520E-6,-7.520E-6,-7.520E-6,-7.520E-6,-7.520E-6,-53.65E-6,-53.65E-6,-53.65E-6,-53.65E-6,-53.65E-6,-53.65E-6,-53.65E-6,-53.65E-6,-53.65E-6,-53.65E-6,-107.5E-6,-107.5E-6,-107.5E-6,-107.5E-6,-107.5E-6,-107.5E-6,-107.5E-6,-107.5E-6,-107.5E-6,-107.5E-6,-156.4E-6,-156.4E-6,-156.4E-6,-156.4E-6,-156.4E-6,-156.4E-6,-156.4E-6,-156.4E-6,-156.4E-6,-156.4E-6,-205.4E-6,-205.4E-6,-205.4E-6,-205.4E-6,-205.4E-6,-205.4E-6,-205.4E-6,-205.4E-6,-205.4E-6,-205.4E-6
800.0E-3,-7.537E-6,-7.537E-6,-7.537E-6,-7.537E-6,-7.537E-6,-7.537E-6,-7.537E-6,-7.537E-6,-7.537E-6,-7.537E-6,-53.78E-6,-53.78E-6,-53.78E-6,-53.78E-6,-53.78E-6,-53.78E-6,-53.78E-6,-53.78E-6,-53.78E-6,-53.78E-6,-107.7E-6,-107.7E-6,-107.7E-6,-107.7E-6,-107.7E-6,-107.7E-6,-107.7E-6,-107.7E-6,-107.7E-6,-107.7E-6,-156.8E-6,-156.8E-6,-156.8E-6,-156.8E-6,-156.8E-6,-156.8E-6,-156.8E-6,-156.8E-6,-156.8E-6,-156.8E-6,-205.9E-6,-205.9E-6,-205.9E-6,-205.9E-6,-205.9E-6,-205.9E-6,-205.9E-6,-205.9E-6,-205.9E-6,-205.9E-6
850.0E-3,-7.552E-6,-7.552E-6,-7.552E-6,-7.552E-6,-7.552E-6,-7.552E-6,-7.552E-6,-7.552E-6,-7.552E-6,-7.552E-6,-53.88E-6,-53.88E-6,-53.88E-6,-53.88E-6,-53.88E-6,-53.88E-6,-53.88E-6,-53.88E-6,-53.88E-6,-53.88E-6,-108.0E-6,-108.0E-6,-108.0E-6,-108.0E-6,-108.0E-6,-108.0E-6,-108.0E-6,-108.0E-6,-108.0E-6,-108.0E-6,-157.1E-6,-157.1E-6,-157.1E-6,-157.1E-6,-157.1E-6,-157.1E-6,-157.1E-6,-157.1E-6,-157.1E-6,-157.1E-6,-206.3E-6,-206.3E-6,-206.3E-6,-206.3E-6,-206.3E-6,-206.3E-6,-206.3E-6,-206.3E-6,-206.3E-6,-206.3E-6
900.0E-3,-7.566E-6,-7.566E-6,-7.566E-6,-7.566E-6,-7.566E-6,-7.566E-6,-7.566E-6,-7.566E-6,-7.566E-6,-7.566E-6,-53.98E-6,-53.98E-6,-53.98E-6,-53.98E-6,-53.98E-6,-53.98E-6,-53.98E-6,-53.98E-6,-53.98E-6,-53.98E-6,-108.2E-6,-108.2E-6,-108.2E-6,-108.2E-6,-108.2E-6,-108.2E-6,-108.2E-6,-108.2E-6,-108.2E-6,-108.2E-6,-157.4E-6,-157.4E-6,-157.4E-6,-157.4E-6,-157.4E-6,-157.4E-6,-157.4E-6,-157.4E-6,-157.4E-6,-157.4E-6,-206.7E-6,-206.7E-6,-206.7E-6,-206.7E-6,-206.7E-6,-206.7E-6,-206.7E-6,-206.7E-6,-206.7E-6,-206.7E-6
950.0E-3,-7.579E-6,-7.579E-6,-7.579E-6,-7.579E-6,-7.579E-6,-7.579E-6,-7.579E-6,-7.579E-6,-7.579E-6,-7.579E-6,-54.07E-6,-54.07E-6,-54.07E-6,-54.07E-6,-54.07E-6,-54.07E-6,-54.07E-6,-54.07E-6,-54.07E-6,-54.07E-6,-108.4E-6,-108.4E-6,-108.4E-6,-108.4E-6,-108.4E-6,-108.4E-6,-108.4E-6,-108.4E-6,-108.4E-6,-108.4E-6,-157.7E-6,-157.7E-6,-157.7E-6,-157.7E-6,-157.7E-6,-157.7E-6,-157.7E-6,-157.7E-6,-157.7E-6,-157.7E-6,-207.0E-6,-207.0E-6,-207.0E-6,-207.0E-6,-207.0E-6,-207.0E-6,-207.0E-6,-207.0E-6,-207.0E-6,-207.0E-6
1.000,-7.591E-6,-7.591E-6,-7.591E-6,-7.591E-6,-7.591E-6,-7.591E-6,-7.591E-6,-7.591E-6,-7.591E-6,-7.591E-6,-54.16E-6,-54.16E-6,-54.16E-6,-54.16E-6,-54.16E-6,-54.16E-6,-54.16E-6,-54.16E-6,-54.16E-6,-54.16E-6,-108.5E-6,-108.5E-6,-108.5E-6,-108.5E-6,-108.5E-6,-108.5E-6,-108.5E-6,-108.5E-6,-108.5E-6,-108.5E-6,-157.9E-6,-157.9E-6,-157.9E-6,-157.9E-6,-157.9E-6,-157.9E-6,-157.9E-6,-157.9E-6,-157.9E-6,-157.9E-6,-207.3E-6,-207.3E-6,-207.3E-6,-207.3E-6,-207.3E-6,-207.3E-6,-207.3E-6,-207.3E-6,-207.3E-6,-207.3E-6
1.050,-7.602E-6,-7.602E-6,-7.602E-6,-7.602E-6,-7.602E-6,-7.602E-6,-7.602E-6,-7.602E-6,-7.602E-6,-7.602E-6,-54.24E-6,-54.24E-6,-54.24E-6,-54.24E-6,-54.24E-6,-54.24E-6,-54.24E-6,-54.24E-6,-54.24E-6,-54.24E-6,-108.7E-6,-108.7E-6,-108.7E-6,-108.7E-6,-108.7E-6,-108.7E-6,-108.7E-6,-108.7E-6,-108.7E-6,-108.7E-6,-158.2E-6,-158.2E-6,-158.2E-6,-158.2E-6,-158.2E-6,-158.2E-6,-158.2E-6,-158.2E-6,-158.2E-6,-158.2E-6,-207.6E-6,-207.6E-6,-207.6E-6,-207.6E-6,-207.6E-6,-207.6E-6,-207.6E-6,-207.6E-6,-207.6E-6,-207.6E-6
1.100,-7.612E-6,-7.612E-6,-7.612E-6,-7.612E-6,-7.612E-6,-7.612E-6,-7.612E-6,-7.612E-6,-7.612E-6,-7.612E-6,-54.31E-6,-54.31E-6,-54.31E-6,-54.31E-6,-54.31E-6,-54.31E-6,-54.31E-6,-54.31E-6,-54.31E-6,-54.31E-6,-108.8E-6,-108.8E-6,-108.8E-6,-108.8E-6,-108.8E-6,-108.8E-6,-108.8E-6,-108.8E-6,-108.8E-6,-108.8E-6,-158.4E-6,-158.4E-6,-158.4E-6,-158.4E-6,-158.4E-6,-158.4E-6,-158.4E-6,-158.4E-6,-158.4E-6,-158.4E-6,-207.9E-6,-207.9E-6,-207.9E-6,-207.9E-6,-207.9E-6,-207.9E-6,-207.9E-6,-207.9E-6,-207.9E-6,-207.9E-6
1.150,-7.622E-6,-7.622E-6,-7.622E-6,-7.622E-6,-7.622E-6,-7.622E-6,-7.622E-6,-7.622E-6,-7.622E-6,-7.622E-6,-54.39E-6,-54.39E-6,-54.39E-6,-54.39E-6,-54.39E-6,-54.39E-6,-54.39E-6,-54.39E-6,-54.39E-6,-54.39E-6,-109.0E-6,-109.0E-6,-109.0E-6,-109.0E-6,-109.0E-6,-109.0E-6,-109.0E-6,-109.0E-6,-109.0E-6,-109.0E-6,-158.6E-6,-158.6E-6,-158.6E-6,-158.6E-6,-158.6E-6,-158.6E-6,-158.6E-6,-158.6E-6,-158.6E-6,-158.6E-6,-208.2E-6,-208.2E-6,-208.2E-6,-208.2E-6,-208.2E-6,-208.2E-6,-208.2E-6,-208.2E-6,-208.2E-6,-208.2E-6
1.200,-7.632E-6,-7.632E-6,-7.632E-6,-7.632E-6,-7.632E-6,-7.632E-6,-7.632E-6,-7.632E-6,-7.632E-6,-7.632E-6,-54.46E-6,-54.46E-6,-54.46E-6,-54.46E-6,-54.46E-6,-54.46E-6,-54.46E-6,-54.46E-6,-54.46E-6,-54.46E-6,-109.1E-6,-109.1E-6,-109.1E-6,-109.1E-6,-109.1E-6,-109.1E-6,-109.1E-6,-109.1E-6,-109.1E-6,-109.1E-6,-158.8E-6,-158.8E-6,-158.8E-6,-158.8E-6,-158.8E-6,-158.8E-6,-158.8E-6,-158.8E-6,-158.8E-6,-158.8E-6,-208.5E-6,-208.5E-6,-208.5E-6,-208.5E-6,-208.5E-6,-208.5E-6,-208.5E-6,-208.5E-6,-208.5E-6,-208.5E-6
1.250,-7.642E-6,-7.642E-6,-7.642E-6,-7.642E-6,-7.642E-6,-7.642E-6,-7.642E-6,-7.642E-6,-7.642E-6,-7.642E-6,-54.53E-6,-54.53E-6,-54.53E-6,-54.53E-6,-54.53E-6,-54.53E-6,-54.53E-6,-54.53E-6,-54.53E-6,-54.53E-6,-109.3E-6,-109.3E-6,-109.3E-6,-109.3E-6,-109.3E-6,-109.3E-6,-109.3E-6,-109.3E-6,-109.3E-6,-109.3E-6,-159.0E-6,-159.0E-6,-159.0E-6,-159.0E-6,-159.0E-6,-159.0E-6,-159.0E-6,-159.0E-6,-159.0E-6,-159.0E-6,-208.7E-6,-208.7E-6,-208.7E-6,-208.7E-6,-208.7E-6,-208.7E-6,-208.7E-6,-208.7E-6,-208.7E-6,-208.7E-6
1.300,-7.651E-6,-7.651E-6,-7.651E-6,-7.651E-6,-7.651E-6,-7.651E-6,-7.651E-6,-7.651E-6,-7.651E-6,-7.651E-6,-54.59E-6,-54.59E-6,-54.59E-6,-54.59E-6,-54.59E-6,-54.59E-6,-54.59E-6,-54.59E-6,-54.59E-6,-54.59E-6,-109.4E-6,-109.4E-6,-109.4E-6,-109.4E-6,-109.4E-6,-109.4E-6,-109.4E-6,-109.4E-6,-109.4E-6,-109.4E-6,-159.2E-6,-159.2E-6,-159.2E-6,-159.2E-6,-159.2E-6,-159.2E-6,-159.2E-6,-159.2E-6,-159.2E-6,-159.2E-6,-209.0E-6,-209.0E-6,-209.0E-6,-209.0E-6,-209.0E-6,-209.0E-6,-209.0E-6,-209.0E-6,-209.0E-6,-209.0E-6
1.350,-7.660E-6,-7.660E-6,-7.660E-6,-7.660E-6,-7.660E-6,-7.660E-6,-7.660E-6,-7.660E-6,-7.660E-6,-7.660E-6,-54.65E-6,-54.65E-6,-54.65E-6,-54.65E-6,-54.65E-6,-54.65E-6,-54.65E-6,-54.65E-6,-54.65E-6,-54.65E-6,-109.5E-6,-109.5E-6,-109.5E-6,-109.5E-6,-109.5E-6,-109.5E-6,-109.5E-6,-109.5E-6,-109.5E-6,-109.5E-6,-159.4E-6,-159.4E-6,-159.4E-6,-159.4E-6,-159.4E-6,-159.4E-6,-159.4E-6,-159.4E-6,-159.4E-6,-159.4E-6,-209.2E-6,-209.2E-6,-209.2E-6,-209.2E-6,-209.2E-6,-209.2E-6,-209.2E-6,-209.2E-6,-209.2E-6,-209.2E-6
1.400,-7.668E-6,-7.668E-6,-7.668E-6,-7.668E-6,-7.668E-6,-7.668E-6,-7.668E-6,-7.668E-6,-7.668E-6,-7.668E-6,-54.72E-6,-54.72E-6,-54.72E-6,-54.72E-6,-54.72E-6,-54.72E-6,-54.72E-6,-54.72E-6,-54.72E-6,-54.72E-6,-109.6E-6,-109.6E-6,-109.6E-6,-109.6E-6,-109.6E-6,-109.6E-6,-109.6E-6,-109.6E-6,-109.6E-6,-109.6E-6,-159.5E-6,-159.5E-6,-159.5E-6,-159.5E-6,-159.5E-6,-159.5E-6,-159.5E-6,-159.5E-6,-159.5E-6,-159.5E-6,-209.5E-6,-209.5E-6,-209.5E-6,-209.5E-6,-209.5E-6,-209.5E-6,-209.5E-6,-209.5E-6,-209.5E-6,-209.5E-6
1.450,-7.677E-6,-7.677E-6,-7.677E-6,-7.677E-6,-7.677E-6,-7.677E-6,-7.677E-6,-7.677E-6,-7.677E-6,-7.677E-6,-54.78E-6,-54.78E-6,-54.78E-6,-54.78E-6,-54.78E-6,-54.78E-6,-54.78E-6,-54.78E-6,-54.78E-6,-54.78E-6,-109.8E-6,-109.8E-6,-109.8E-6,-109.8E-6,-109.8E-6,-109.8E-6,-109.8E-6,-109.8E-6,-109.8E-6,-109.8E-6,-159.7E-6,-159.7E-6,-159.7E-6,-159.7E-6,-159.7E-6,-159.7E-6,-159.7E-6,-159.7E-6,-159.7E-6,-159.7E-6,-209.7E-6,-209.7E-6,-209.7E-6,-209.7E-6,-209.7E-6,-209.7E-6,-209.7E-6,-209.7E-6,-209.7E-6,-209.7E-6
1.500,-7.685E-6,-7.685E-6,-7.685E-6,-7.685E-6,-7.685E-6,-7.685E-6,-7.685E-6,-7.685E-6,-7.685E-6,-7.685E-6,-54.84E-6,-54.84E-6,-54.84E-6,-54.84E-6,-54.84E-6,-54.84E-6,-54.84E-6,-54.84E-6,-54.84E-6,-54.84E-6,-109.9E-6,-109.9E-6,-109.9E-6,-109.9E-6,-109.9E-6,-109.9E-6,-109.9E-6,-109.9E-6,-109.9E-6,-109.9E-6,-159.9E-6,-159.9E-6,-159.9E-6,-159.9E-6,-159.9E-6,-159.9E-6,-159.9E-6,-159.9E-6,-159.9E-6,-159.9E-6,-209.9E-6,-209.9E-6,-209.9E-6,-209.9E-6,-209.9E-6,-209.9E-6,-209.9E-6,-209.9E-6,-209.9E-6,-209.9E-6
1.550,-7.693E-6,-7.693E-6,-7.693E-6,-7.693E-6,-7.693E-6,-7.693E-6,-7.693E-6,-7.693E-6,-7.693E-6,-7.693E-6,-54.90E-6,-54.90E-6,-54.90E-6,-54.90E-6,-54.90E-6,-54.90E-6,-54.90E-6,-54.90E-6,-54.90E-6,-54.90E-6,-110.0E-6,-110.0E-6,-110.0E-6,-110.0E-6,-110.0E-6,-110.0E-6,-110.0E-6,-110.0E-6,-110.0E-6,-110.0E-6,-160.1E-6,-160.1E-6,-160.1E-6,-160.1E-6,-160.1E-6,-160.1E-6,-160.1E-6,-160.1E-6,-160.1E-6,-160.1E-6,-210.1E-6,-210.1E-6,-210.1E-6,-210.1E-6,-210.1E-6,-210.1E-6,-210.1E-6,-210.1E-6,-210.1E-6,-210.1E-6
1.600,-7.701E-6,-7.701E-6,-7.701E-6,-7.701E-6,-7.701E-6,-7.701E-6,-7.701E-6,-7.701E-6,-7.701E-6,-7.701E-6,-54.95E-6,-54.95E-6,-54.95E-6,-54.95E-6,-54.95E-6,-54.95E-6,-54.95E-6,-54.95E-6,-54.95E-6,-54.95E-6,-110.1E-6,-110.1E-6,-110.1E-6,-110.1E-6,-110.1E-6,-110.1E-6,-110.1E-6,-110.1E-6,-110.1E-6,-110.1E-6,-160.2E-6,-160.2E-6,-160.2E-6,-160.2E-6,-160.2E-6,-160.2E-6,-160.2E-6,-160.2E-6,-160.2E-6,-160.2E-6,-210.4E-6,-210.4E-6,-210.4E-6,-210.4E-6,-210.4E-6,-210.4E-6,-210.4E-6,-210.4E-6,-210.4E-6,-210.4E-6
1.650,-7.709E-6,-7.709E-6,-7.709E-6,-7.709E-6,-7.709E-6,-7.709E-6,-7.709E-6,-7.709E-6,-7.709E-6,-7.709E-6,-55.01E-6,-55.01E-6,-55.01E-6,-55.01E-6,-55.01E-6,-55.01E-6,-55.01E-6,-55.01E-6,-55.01E-6,-55.01E-6,-110.2E-6,-110.2E-6,-110.2E-6,-110.2E-6,-110.2E-6,-110.2E-6,-110.2E-6,-110.2E-6,-110.2E-6,-110.2E-6,-160.4E-6,-160.4E-6,-160.4E-6,-160.4E-6,-160.4E-6,-160.4E-6,-160.4E-6,-160.4E-6,-160.4E-6,-160.4E-6,-210.6E-6,-210.6E-6,-210.6E-6,-210.6E-6,-210.6E-6,-210.6E-6,-210.6E-6,-210.6E-6,-210.6E-6,-210.6E-6
1.700,-7.717E-6,-7.717E-6,-7.717E-6,-7.717E-6,-7.717E-6,-7.717E-6,-7.717E-6,-7.717E-6,-7.717E-6,-7.717E-6,-55.07E-6,-55.07E-6,-55.07E-6,-55.07E-6,-55.07E-6,-55.07E-6,-55.07E-6,-55.07E-6,-55.07E-6,-55.07E-6,-110.3E-6,-110.3E-6,-110.3E-6,-110.3E-6,-110.3E-6,-110.3E-6,-110.3E-6,-110.3E-6,-110.3E-6,-110.3E-6,-160.6E-6,-160.6E-6,-160.6E-6,-160.6E-6,-160.6E-6,-160.6E-6,-160.6E-6,-160.6E-6,-160.6E-6,-160.6E-6,-210.8E-6,-210.8E-6,-210.8E-6,-210.8E-6,-210.8E-6,-210.8E-6,-210.8E-6,-210.8E-6,-210.8E-6,-210.8E-6
1.750,-7.724E-6,-7.724E-6,-7.724E-6,-7.724E-6,-7.724E-6,-7.724E-6,-7.724E-6,-7.724E-6,-7.724E-6,-7.724E-6,-55.12E-6,-55.12E-6,-55.12E-6,-55.12E-6,-55.12E-6,-55.12E-6,-55.12E-6,-55.12E-6,-55.12E-6,-55.12E-6,-110.4E-6,-110.4E-6,-110.4E-6,-110.4E-6,-110.4E-6,-110.4E-6,-110.4E-6,-110.4E-6,-110.4E-6,-110.4E-6,-160.7E-6,-160.7E-6,-160.7E-6,-160.7E-6,-160.7E-6,-160.7E-6,-160.7E-6,-160.7E-6,-160.7E-6,-160.7E-6,-211.0E-6,-211.0E-6,-211.0E-6,-211.0E-6,-211.0E-6,-211.0E-6,-211.0E-6,-211.0E-6,-211.0E-6,-211.0E-6
1.800,-7.732E-6,-7.732E-6,-7.732E-6,-7.732E-6,-7.732E-6,-7.732E-6,-7.732E-6,-7.732E-6,-7.732E-6,-7.732E-6,-55.18E-6,-55.18E-6,-55.18E-6,-55.18E-6,-55.18E-6,-55.18E-6,-55.18E-6,-55.18E-6,-55.18E-6,-55.18E-6,-110.5E-6,-110.5E-6,-110.5E-6,-110.5E-6,-110.5E-6,-110.5E-6,-110.5E-6,-110.5E-6,-110.5E-6,-110.5E-6,-160.9E-6,-160.9E-6,-160.9E-6,-160.9E-6,-160.9E-6,-160.9E-6,-160.9E-6,-160.9E-6,-160.9E-6,-160.9E-6,-211.2E-6,-211.2E-6,-211.2E-6,-211.2E-6,-211.2E-6,-211.2E-6,-211.2E-6,-211.2E-6,-211.2E-6,-211.2E-6
1.850,-7.740E-6,-7.740E-6,-7.740E-6,-7.740E-6,-7.740E-6,-7.740E-6,-7.740E-6,-7.740E-6,-7.740E-6,-7.740E-6,-55.23E-6,-55.23E-6,-55.23E-6,-55.23E-6,-55.23E-6,-55.23E-6,-55.23E-6,-55.23E-6,-55.23E-6,-55.23E-6,-110.7E-6,-110.7E-6,-110.7E-6,-110.7E-6,-110.7E-6,-110.7E-6,-110.7E-6,-110.7E-6,-110.7E-6,-110.7E-6,-161.0E-6,-161.0E-6,-161.0E-6,-161.0E-6,-161.0E-6,-161.0E-6,-161.0E-6,-161.0E-6,-161.0E-6,-161.0E-6,-211.4E-6,-211.4E-6,-211.4E-6,-211.4E-6,-211.4E-6,-211.4E-6,-211.4E-6,-211.4E-6,-211.4E-6,-211.4E-6
1.900,-7.747E-6,-7.747E-6,-7.747E-6,-7.747E-6,-7.747E-6,-7.747E-6,-7.747E-6,-7.747E-6,-7.747E-6,-7.747E-6,-55.29E-6,-55.29E-6,-55.29E-6,-55.29E-6,-55.29E-6,-55.29E-6,-55.29E-6,-55.29E-6,-55.29E-6,-55.29E-6,-110.8E-6,-110.8E-6,-110.8E-6,-110.8E-6,-110.8E-6,-110.8E-6,-110.8E-6,-110.8E-6,-110.8E-6,-110.8E-6,-161.2E-6,-161.2E-6,-161.2E-6,-161.2E-6,-161.2E-6,-161.2E-6,-161.2E-6,-161.2E-6,-161.2E-6,-161.2E-6,-211.6E-6,-211.6E-6,-211.6E-6,-211.6E-6,-211.6E-6,-211.6E-6,-211.6E-6,-211.6E-6,-211.6E-6,-211.6E-6
1.950,-7.755E-6,-7.755E-6,-7.755E-6,-7.755E-6,-7.755E-6,-7.755E-6,-7.755E-6,-7.755E-6,-7.755E-6,-7.755E-6,-55.34E-6,-55.34E-6,-55.34E-6,-55.34E-6,-55.34E-6,-55.34E-6,-55.34E-6,-55.34E-6,-55.34E-6,-55.34E-6,-110.9E-6,-110.9E-6,-110.9E-6,-110.9E-6,-110.9E-6,-110.9E-6,-110.9E-6,-110.9E-6,-110.9E-6,-110.9E-6,-161.3E-6,-161.3E-6,-161.3E-6,-161.3E-6,-161.3E-6,-161.3E-6,-161.3E-6,-161.3E-6,-161.3E-6,-161.3E-6,-211.8E-6,-211.8E-6,-211.8E-6,-211.8E-6,-211.8E-6,-211.8E-6,-211.8E-6,-211.8E-6,-211.8E-6,-211.8E-6
2.000,-7.762E-6,-7.762E-6,-7.762E-6,-7.762E-6,-7.762E-6,-7.762E-6,-7.762E-6,-7.762E-6,-7.762E-6,-7.762E-6,-55.39E-6,-55.39E-6,-55.39E-6,-55.39E-6,-55.39E-6,-55.39E-6,-55.39E-6,-55.39E-6,-55.39E-6,-55.39E-6,-111.0E-6,-111.0E-6,-111.0E-6,-111.0E-6,-111.0E-6,-111.0E-6,-111.0E-6,-111.0E-6,-111.0E-6,-111.0E-6,-161.5E-6,-161.5E-6,-161.5E-6,-161.5E-6,-161.5E-6,-161.5E-6,-161.5E-6,-161.5E-6,-161.5E-6,-161.5E-6,-212.0E-6,-212.0E-6,-212.0E-6,-212.0E-6,-212.0E-6,-212.0E-6,-212.0E-6,-212.0E-6,-212.0E-6,-212.0E-6
2.050,-7.769E-6,-7.769E-6,-7.769E-6,-7.769E-6,-7.769E-6,-7.769E-6,-7.769E-6,-7.769E-6,-7.769E-6,-7.769E-6,-55.45E-6,-55.45E-6,-55.45E-6,-55.45E-6,-55.45E-6,-55.45E-6,-55.45E-6,-55.45E-6,-55.45E-6,-55.45E-6,-111.1E-6,-111.1E-6,-111.1E-6,-111.1E-6,-111.1E-6,-111.1E-6,-111.1E-6,-111.1E-6,-111.1E-6,-111.1E-6,-161.7E-6,-161.7E-6,-161.7E-6,-161.7E-6,-161.7E-6,-161.7E-6,-161.7E-6,-161.7E-6,-161.7E-6,-161.7E-6,-212.2E-6,-212.2E-6,-212.2E-6,-212.2E-6,-212.2E-6,-212.2E-6,-212.2E-6,-212.2E-6,-212.2E-6,-212.2E-6
2.100,-7.777E-6,-7.777E-6,-7.777E-6,-7.777E-6,-7.777E-6,-7.777E-6,-7.777E-6,-7.777E-6,-7.777E-6,-7.777E-6,-55.50E-6,-55.50E-6,-55.50E-6,-55.50E-6,-55.50E-6,-55.50E-6,-55.50E-6,-55.50E-6,-55.50E-6,-55.50E-6,-111.2E-6,-111.2E-6,-111.2E-6,-111.2E-6,-111.2E-6,-111.2E-6,-111.2E-6,-111.2E-6,-111.2E-6,-111.2E-6,-161.8E-6,-161.8E-6,-161.8E-6,-161.8E-6,-161.8E-6,-161.8E-6,-161.8E-6,-161.8E-6,-161.8E-6,-161.8E-6,-212.4E-6,-212.4E-6,-212.4E-6,-212.4E-6,-212.4E-6,-212.4E-6,-212.4E-6,-212.4E-6,-212.4E-6,-212.4E-6
2.150,-7.784E-6,-7.784E-6,-7.784E-6,-7.784E-6,-7.784E-6,-7.784E-6,-7.784E-6,-7.784E-6,-7.784E-6,-7.784E-6,-55.55E-6,-55.55E-6,-55.55E-6,-55.55E-6,-55.55E-6,-55.55E-6,-55.55E-6,-55.55E-6,-55.55E-6,-55.55E-6,-111.3E-6,-111.3E-6,-111.3E-6,-111.3E-6,-111.3E-6,-111.3E-6,-111.3E-6,-111.3E-6,-111.3E-6,-111.3E-6,-162.0E-6,-162.0E-6,-162.0E-6,-162.0E-6,-162.0E-6,-162.0E-6,-162.0E-6,-162.0E-6,-162.0E-6,-162.0E-6,-212.6E-6,-212.6E-6,-212.6E-6,-212.6E-6,-212.6E-6,-212.6E-6,-212.6E-6,-212.6E-6,-212.6E-6,-212.6E-6
2.200,-7.791E-6,-7.791E-6,-7.791E-6,-7.791E-6,-7.791E-6,-7.791E-6,-7.791E-6,-7.791E-6,-7.791E-6,-7.791E-6,-55.60E-6,-55.60E-6,-55.60E-6,-55.60E-6,-55.60E-6,-55.60E-6,-55.60E-6,-55.60E-6,-55.60E-6,-55.60E-6,-111.4E-6,-111.4E-6,-111.4E-6,-111.4E-6,-111.4E-6,-111.4E-6,-111.4E-6,-111.4E-6,-111.4E-6,-111.4E-6,-162.1E-6,-162.1E-6,-162.1E-6,-162.1E-6,-162.1E-6,-162.1E-6,-162.1E-6,-162.1E-6,-162.1E-6,-162.1E-6,-212.8E-6,-212.8E-6,-212.8E-6,-212.8E-6,-212.8E-6,-212.8E-6,-212.8E-6,-212.8E-6,-212.8E-6,-212.8E-6
2.250,-7.799E-6,-7.799E-6,-7.799E-6,-7.799E-6,-7.799E-6,-7.799E-6,-7.799E-6,-7.799E-6,-7.799E-6,-7.799E-6,-55.66E-6,-55.66E-6,-55.66E-6,-55.66E-6,-55.66E-6,-55.66E-6,-55.66E-6,-55.66E-6,-55.66E-6,-55.66E-6,-111.5E-6,-111.5E-6,-111.5E-6,-111.5E-6,-111.5E-6,-111.5E-6,-111.5E-6,-111.5E-6,-111.5E-6,-111.5E-6,-162.3E-6,-162.3E-6,-162.3E-6,-162.3E-6,-162.3E-6,-162.3E-6,-162.3E-6,-162.3E-6,-162.3E-6,-162.3E-6,-213.0E-6,-213.0E-6,-213.0E-6,-213.0E-6,-213.0E-6,-213.0E-6,-213.0E-6,-213.0E-6,-213.0E-6,-213.0E-6
2.300,-7.806E-6,-7.806E-6,-7.806E-6,-7.806E-6,-7.806E-6,-7.806E-6,-7.806E-6,-7.806E-6,-7.806E-6,-7.806E-6,-55.71E-6,-55.71E-6,-55.71E-6,-55.71E-6,-55.71E-6,-55.71E-6,-55.71E-6,-55.71E-6,-55.71E-6,-55.71E-6,-111.6E-6,-111.6E-6,-111.6E-6,-111.6E-6,-111.6E-6,-111.6E-6,-111.6E-6,-111.6E-6,-111.6E-6,-111.6E-6,-162.4E-6,-162.4E-6,-162.4E-6,-162.4E-6,-162.4E-6,-162.4E-6,-162.4E-6,-162.4E-6,-162.4E-6,-162.4E-6,-213.2E-6,-213.2E-6,-213.2E-6,-213.2E-6,-213.2E-6,-213.2E-6,-213.2E-6,-213.2E-6,-213.2E-6,-213.2E-6
2.350,-7.814E-6,-7.814E-6,-7.814E-6,-7.814E-6,-7.814E-6,-7.814E-6,-7.814E-6,-7.814E-6,-7.814E-6,-7.814E-6,-55.77E-6,-55.77E-6,-55.77E-6,-55.77E-6,-55.77E-6,-55.77E-6,-55.77E-6,-55.77E-6,-55.77E-6,-55.77E-6,-111.7E-6,-111.7E-6,-111.7E-6,-111.7E-6,-111.7E-6,-111.7E-6,-111.7E-6,-111.7E-6,-111.7E-6,-111.7E-6,-162.6E-6,-162.6E-6,-162.6E-6,-162.6E-6,-162.6E-6,-162.6E-6,-162.6E-6,-162.6E-6,-162.6E-6,-162.6E-6,-213.4E-6,-213.4E-6,-213.4E-6,-213.4E-6,-213.4E-6,-213.4E-6,-213.4E-6,-213.4E-6,-213.4E-6,-213.4E-6
2.400,-7.821E-6,-7.821E-6,-7.821E-6,-7.821E-6,-7.821E-6,-7.821E-6,-7.821E-6,-7.821E-6,-7.821E-6,-7.821E-6,-55.82E-6,-55.82E-6,-55.82E-6,-55.82E-6,-55.82E-6,-55.82E-6,-55.82E-6,-55.82E-6,-55.82E-6,-55.82E-6,-111.8E-6,-111.8E-6,-111.8E-6,-111.8E-6,-111.8E-6,-111.8E-6,-111.8E-6,-111.8E-6,-111.8E-6,-111.8E-6,-162.7E-6,-162.7E-6,-162.7E-6,-162.7E-6,-162.7E-6,-162.7E-6,-162.7E-6,-162.7E-6,-162.7E-6,-162.7E-6,-213.7E-6,-213.7E-6,-213.7E-6,-213.7E-6,-213.7E-6,-213.7E-6,-213.7E-6,-213.7E-6,-213.7E-6,-213.7E-6
2.450,-7.829E-6,-7.829E-6,-7.829E-6,-7.829E-6,-7.829E-6,-7.829E-6,-7.829E-6,-7.829E-6,-7.829E-6,-7.829E-6,-55.88E-6,-55.88E-6,-55.88E-6,-55.88E-6,-55.88E-6,-55.88E-6,-55.88E-6,-55.88E-6,-55.88E-6,-55.88E-6,-111.9E-6,-111.9E-6,-111.9E-6,-111.9E-6,-111.9E-6,-111.9E-6,-111.9E-6,-111.9E-6,-111.9E-6,-111.9E-6,-162.9E-6,-162.9E-6,-162.9E-6,-162.9E-6,-162.9E-6,-162.9E-6,-162.9E-6,-162.9E-6,-162.9E-6,-162.9E-6,-213.9E-6,-213.9E-6,-213.9E-6,-213.9E-6,-213.9E-6,-213.9E-6,-213.9E-6,-213.9E-6,-213.9E-6,-213.9E-6
2.500,-7.837E-6,-7.837E-6,-7.837E-6,-7.837E-6,-7.837E-6,-7.837E-6,-7.837E-6,-7.837E-6,-7.837E-6,-7.837E-6,-55.93E-6,-55.93E-6,-55.93E-6,-55.93E-6,-55.93E-6,-55.93E-6,-55.93E-6,-55.93E-6,-55.93E-6,-55.93E-6,-112.0E-6,-112.0E-6,-112.0E-6,-112.0E-6,-112.0E-6,-112.0E-6,-112.0E-6,-112.0E-6,-112.0E-6,-112.0E-6,-163.1E-6,-163.1E-6,-163.1E-6,-163.1E-6,-163.1E-6,-163.1E-6,-163.1E-6,-163.1E-6,-163.1E-6,-163.1E-6,-214.1E-6,-214.1E-6,-214.1E-6,-214.1E-6,-214.1E-6,-214.1E-6,-214.1E-6,-214.1E-6,-214.1E-6,-214.1E-6
